{"cameraMode":{"drawMode":0,"name":"Shaded","section":"Shading Mode"},"sceneLighting":false,"audioPlay":false,"sceneViewState":{"showFog":true,"showMaterialUpdate":false,"showSkybox":false,"showFlares":true,"showImageEffects":true,"showParticleSystems":true},"in2DMode":false,"pivot":{"x":176.3000030517578,"y":5.159999847412109,"z":64.9000015258789},"rotation":{"x":-0.02174251340329647,"y":0.8610606789588928,"z":-0.5067075490951538,"w":-0.0369548462331295},"size":5.292670249938965,"orthographic":true}